"pt","en"
" senador alvaro dias agradece  mbl   outros movimentos  rua  pressão  fizemos  senado federal    aprovassem  pacotão  maldades contra  lava jato  verdadeiro abuso  autoridade é  foro privilegiado   acabar   foro privilegiado apoiando  proposta  próprio álvaro dias  2017"," Senator alvaro days thanks mbl other movements street pressure we made senate federal approve pactoon evils against lava jet real abuse authority is privileged forum end forum privileged supporting own proposal álvaro days 2017"
"  grande campeão  i copa severino cavalcanti  pior parlamentar  ano  jean wyllys   última semana  realizamos  via voto popular   copa  ver    pior parlamentar  ano    deputado  psol   aceitar ser processado  conselho  ética apenas   ser homossexual  começou perdendo   logo virou  jogo contra gleisi hoffmann arthur tentou entregar  troféu    congresso nacional    deputado fugiu    copa   parceria   mbl  mamaefalei  socialista  iphone  corrupção brasileira memes 2","  Big champion i jus severest cavalcanti congressman jean wyllys last week we see voted parliamentary worst deputy psol accepting being prosecuted ethics just being homosexual began losing soon turned against gleisi hoffmann arthur tried to deliver trophy congress national deputy fled copa partnership Mbl mamaefalei socialista iphone corruption brazilian memes 2"
"lula volta  ser denunciado dessa vez  lado  marcelo odebrecht  operação lavajato   expresidente soma   denúncia   currículo  mpf afirma  lula comandava   sofisticada estrutura ilícita  captação  apoio parlamentar   meio  desvios  petrobras   ajude  mbl ","Lula returns to be denounced this time side marcelo odebrecht operation lavajato expresidente summation complaint curriculum mpf states lula comandava sophisticated structure illicit capture parliamentary support half deviations petrobras help mbl"
" debater  é preciso bagagem  kim kataguiri   explicação clara  objetiva  kim explicou hoje   jovem pan   porque  sistema previdenciário é falho   ajude  mbl "," Debating is necessary luggage kim kataguiri clear explanation objective kim explained today young pan because social security system is flawed help mbl"
" caça continua parabéns  polícia federal"," Hunting continues congratulations federal police"
"senador alvaro dias  além  ser   autores  requerimento  barraria  tentativa  votar abuso  autoridade  fez  excelente discurso  inclusive criticando  pauta  calheiros  deveríamos estar votando fim  foto privilegiado   disse","Senator alvaro days beyond being authors request barraria attempt vote abuse authority made excellent speech including criticizing agenda calheiros we should be voting end privileged photo said"
"urgente senado vota lei  abuso  autoridade","Urgent senate vote law abuse authority"
" deputado jean wyllys mente  cara dura  diz  pode ser afastado  conselho  ética  câmara  porque é gay  combate   agenda conservadora  kim kataguiri desmascara  vitimismo   discurso demagógico  oportunista  psolista"," Deputy jean wyllys mind hard guy says can be dismissed council ethics chamber because it is gay combat conservative agenda kim kataguiri unmasks victimism demagogic speech opportunist psolist"
"vamos elogiar  petista agora vamos  governador  ceará quer  teto  gastos   estado sim   teto  gastos tipo    pt chama  pec  fim  mundo  recém aprovado  senado  é ótimo   mostra  falta  coerência  pt   vez  vamos ver nnenhum ato  vandalismo  invasão  escola   teto   vídeo  kim kataguiri","We will praise governor ceará ceará ceará ceará ceará ceará ceará ceará ceará ceará ceará ceará ceará ceará ceará ceará ceará ceará ceará ceará ceará ceará ceará ceará ceará ceará ceará ceará kataguiri"
" milão  oa últimos acontecimentos  pavinatto  é voluntário  mbl  viaja   expensas"," Millo a recent events pavinatto is volunteer mbl travels expense"
"i copa severino cavalcanti  pior parlamentar  2016    lado   senadora  rouba  aposentados  gleisi hoffmann   outro   cara pintada  virou cara lavada  lindbergh farias  bancada  chupeta entrou  confronto   verdadeiro combate  mamadeiras  decide    pior participação  ano é ","I copa severino cavalcanti worse parliamentarian 2016 senator side steals retirees gleisi hoffmann other face painted turned face washed lindbergh farias bench pacifier entered confrontation true fight bottles baby decides worse participation year is"
"   desfile seguindo  frente  olharam   lado   ligaram  incêndio   cumprir  papel  super herói parabéns  carreta furacão   heróis usam cavaco","   Parade following front looked side turned on fire fulfill role super hero congratulations cart hurricane heroes use chip"
"eis  reação  esquerda     decidido      queriam gritam  ventos  amor  democracia    aceitam   decisão   convém  reagem  violência   ajude  mbl ","This reaction left left wanted to cry out winds love democracy accept decision react violence help mbl"
"fernando holiday   muita coragem   hoje   avenida paulista durante  ato terrorista  extremaesquerda   havia acabado  destruir  entrada  prédio  fiesp holiday  fortemente hostilizado  militantes    desafiaram  chegar  perto  polícia militar preferiu retirálo  local antes  algo  grave acontecesse  ","Fernando holiday much courage today avenida paulista during act terrorist far left had just destroyed entrance building fiesp holiday heavily hostile militants challenged to get near police military preferred removed it before something serious happened"
" sede  mbl  atacada  madrugada 5 homens destruíram  vidros   kombi emprestrada  movimento  além  tentar invadir  casa fernando holiday     local  hora  ataques   registrar  boletim  ocorrência  polícia lutaremos  fazer justiça  prender  responsáveis"," Headquarters mbl attacked dawn 5 men destroyed glasses estate lodged move beyond try invade home fernando holiday local time attacks register log report police we will fight do justice hold responsible"
"calheiros quer votar hoje lei  abuso  autoridade tiago pavinatto comenta","Calheiros wants to vote today law abuse authority tiago pavinatto comments"
"bandidos  extremaesquerda voltaram  protagonizar  terrorismo hoje  brasil   feito   prédio  fiesp    paulo","Extremist left back bandits starring terrorism today brazil made building fiesp paulo"
"semifinal i copa severino cavalcanti  pior parlamentar  2016   lado renan calheiros   coronel cangaceiro  alagoas   outro jean wyllys   deputado lhama   é  pior  decide","Semifinal i copa severino cavalcanti worse parliamentary 2016 side renan calheiros coronel cangaceiro alagoas other jean wyllys deputy lhama is worse decides"
"renan calheiros colocou  projeto  abuso  autoridade  ordem  dia   caiado   pronto requerimento  pode barrar  presidente  senado  atentos","Renan calheiros placed project abuse authority order day white ready application can bar president senate attentive"
"cartacapital  isenta  imparcial  palavras    encaixam   revista   ajude  mbl ","Cartacapital impartial impartial words fit magazine help mbl"
"saia  lama pra falar  outros   bradou josé medeiros  senadora fátima bezerra   ajude  mbl ","Skirt mud to speak others bradou josé medeiros senator fatima heifer help mbl"
"i copa severino cavalcanti   pior parlamentar  ano   mbl  juntamente  socialista  iphone  mamaefalei  corrupção brasileira memes 2  vai premiar  pior parlamentar  ano entregando    prêmio  brasília   rodada  hoje  lindbergh farias contra waldir maranhão","I copa severino cavalcanti worst parliamentary year mbl together socialist iphone mamaefalei corruption brazilian memes 2 will award worse parliamentary year awarding brazilian prize today lindbergh farias against waldir maranhão"
"é oficial renan calheiros  denunciado  janot  pode virar réu desta vez   queda pode acontecer  conforme avisamos","It's official renan calheiros denounced janot can turn defendant this time fall can happen as we warn"
" vivo comissão  câmara  deputados analisa reforma  previdência"," Live committee chamber deputies analyze pension reform"
"justus surpreendeu  brasil   agenda  podemos tirar  país  atoleiro   ajude  mbl ","Justus surprised brazil agenda we can take country mire help mbl"
"sérgio moro  dar  palestra  alemanha  onde  esquerda vergonhosamente armou  protesto contra  juiz falou sobre  foto  aécio  sobre  divulgação  áudios  dilma  ovacionado  presentes","Sérgio moro give lecture germany where left shamefully armed protest against judge spoke about photo austrian about disclosure audios dilma ovation present"
"i copa severino cavalcanti   pior parlamentar  2016 quartas  final jogo 2 jandira feghali  jean wyllys  primeira rodada  renan calheiros venceu paulo maluf    vencedor receberá  prêmio  ser entregue pessoalmente  brasília   copa é  parceria   mbl  socialista  iphone  corrupção brasileira memes 2  mamaefalei","I copa severino cavalcanti worst parliamentar 2016 quarter final game 2 jandira feghali jean wyllys first round renan calheiros won paulo maluf winner will receive award be personally delivered brasília copa is partnership mbl socialista iphone corruption brazilian memes 2 mamaefalei"
" delações  denúncias  últimos dias envolvendo políticos  diversos partidos mostram  precisamos urgentemente lutar  renovação  política   justiça brasileira faça  parte  investigue  puna  envolvidos   precisamos desde   preparar   próximas eleições  prestar atenção   votamos"," We need to pay attention, we vote. We need to pay attention."
"confira  mitada  fernando holiday","Check out mitada fernando holiday"
"estudantes  extremaesquerda achavam  iam intimidar  jovem samurai kim kataguiri acabaram tomando  aula  economia  bom senso","Students at the extreme left thought they were going to bully young samurai kim kataguiri ended up taking class economy common sense"
"i copa severino cavalcanti   mbl   parceria  mamaefalei  socialista  iphone  corrupção brasileira memes 2  irá premiar  pior parlamentar  2016 baseado  voto popular   primeiro jogo  quartas  final calheiros  maluf","I copa severino cavalcanti mbl partnership mamaefalei socialist iphone corruption brazilian memes 2 will award worst parliamentarian 2016 based popular vote first game quarterfinals final calheiros maluf"
" mbl  juntamente  mamaefalei   páginas socialista  iphone  corrupção brasileira memes 2  lançando  primeira copa severino cavalcante   premiar  pior parlamentar  ano   confira  fernando holiday  funciona   prêmio   confrontos"," Mbl together mamaefalei pages socialist iphone corruption brazilian memes 2 launching first cup severino cavalcante award worse parliamentary year confira fernando holiday runs prize confrontations"
"vergonha   outra palavra     ajude  mbl ","Shame another word help mbl"
"   pensando  eleger ciro gomes  parabéns vai ganhar  brinde borrachada  tortura   boa  velha cadeia  ousar discordar  coroné   ajude  mbl ","   Thinking elect ciro gomes congratulations will win toast drunk torture good old chain dare to disagree coroné help mbl"
"atenção vaza áudio  pavinatto  tiago pavinatto comenta  novo processinho  jean wyllys veja","Attention vaza audio pavinatto tiago pavinatto comments new process jean wyllys see"
" iceberg é  lava jato   ajude  mbl "," Iceberg and lava jet help mbl"
"renan calheiros fugindo  oficial  justiça","Renan calos fleeing official justice"
"janaína lacra  programa  maria lydia   verdadeira aula","Janaína lacra program maria lydia real class"
"senador magno malta detona baderneiros vândalos  manifestação  domingo passado   todo  brasil  mostrou  diferença   movimento pacifico   povo clamando  mudança  badernas","Senator magno malta detonates thugs vandals manifestation last sunday all brazil showed difference movement peaceful people clamando change badernas"
" segundafeira  logo após marco aurélio mello decidir afastar renan calheiros  avisamos   liminar  fraca  corria risco  reversão  plenária  duramente criticados  alguns    acusaram   monte  coisa  sentido   pautas  ruas  devem ser adotadas  coxas  oportunistas  demagogos  pautas sérias  merecem respostas sérias   decisões arbitrárias renan calheiros deve ser julgado  punido   crimes  tudo conforme prevê  legislação   invencionismo"," Monday after Marco Aurelio Mello decide to remove renan calheiros we warned liminal weak run risk reversion plenary severely criticized some accused thing things streets guidelines must be adopted opportunistic thighs demagogues serious guidelines deserve serious answers arbitrary decisions renan calheiros should be judged punished crimes all as foreseen legislation Invention"
" vivo stf julga renan calheiros"," Live stf judges renan calheiros"
"militantes petistas  atacam sérgio moro  desmascarados  kim kataguiri   ajude  mbl ","Militants petistas attack sérgio moro unmasked kim kataguiri help mbl"
"urgente assista  vivo  coletiva   senado federal","Urgently watch live collective federal senate"
" petista jorge viana resolveu suspender  sessão  senado  hoje   decisão final  stf sobre renan calheiros   ajude  mbl "," Petista jorge viana resolved to suspend senate session today final decision stf on renan calheiros help mbl"
"urgente assista  vivo julgamento  renan calheiros  supremo","Urgent watch live judgment renan calheiros supremo"
"pec  magno malta avança  senado  relator  emenda  ricardo ferraço  tempos  recessão  é   povo    sofrer  cortes    políticos ","Pec magno malta advances senate rapporteur amendment ricardo ferraço times recession is people suffer political cuts"
"pedalando  tiago pavinatto fala sobre  decisão  ministro marco aurélio mello  afastar renan calheiros  presidência  senado","Pedaling tiago pavinatto talks about decision minister marco aurelio mello fend off renan calheiros presidency senate"
"kim kataguiri responde todas  falácias criadas  últimos dias   manifestação  povo  ruas   afastamento  renan calheiros","Kim kataguiri answers all fallacies created last days manifestation people streets distance renan calheiros"
"polêmico pavinatto fala    comentaristas políticos  medo  falar marco aurélio beneficia  pt  boicota  pec   ajuda renan  escapar  justiça   ajude  mbl ","Controversial pavinatto speaks political commentators fear speak landmark aurelio benefits pt boycott pec help renan escape justice help mbl"
"magno   mito  malta expõe  hipocrisia  judiciário   supersalários parabéns magno malta","Magno myth malta exposes hypocrisy judiciary supersalarios congratulations magno malta"
"falando sobre  privilégios  judiciário  magno malta exemplifica  quão absurdo é  auxílio moradia  membros  poder  ainda expõe  membros recebem salários  além  teto  ajude  mbl ","Talking about judicial privileges magno malta exemplifies how absurd it is aid home members power still exposes members receive wages beyond ceiling help mbl"
"renan calheiros  marco aurélio melo  fazendo  verdadeira lambança   instituições  brasil  saímos  ruas   marco aurélio  usasse  manobrar  stf  sair  herói  história   decisão  inconstitucional  ponto  renan   direito algum   recusar  seguir  ordem judicial   é tão crime quanto  desvios  dinheiro   acusam   dois gangsters tentando usar  brasil  moeda enquanto   continuamos  deriva","Renan calheiros landmark aelio melo making true lambança institutions brazil we left streets marco aurelio use maneuver stf exit hero history decision unconstitutional point renan right some refuse to follow judicial order is as crime as money deviations accuse two gangsters trying to use brazil currency while we continue drift"
"vitoria fim  super salários é aprovado  rj","Victory super salary is approved rj"
"cobertura  caos  frente  alerj  coordenador bernardo sampaio","Coverage chaos front alerj coordinator bernardo sampaio"
"danilo gentili    participação  programa  roberto justus  deu  aula sobre  politicamente correto   ficou claro justus é  time  mimimi   respeita  liberdade  expressão  ajude  mbl ","Danilo gentili participation program roberto justus gave lesson on politically correct was clear justus is time mimimi respect freedom expression help mbl"
" congresso nacional sentiu  força  ruas    mobiliza  derrubar  pautas antilava jato  assombravam  brasileiros  semana passada  tudo  graças  povo   lotou  ruas  último domingo  brasil  derrubou dilma vai pautar temer   congresso   todo poder emana  povo"," National congress felt strength streets mobilizes overturning plans antilava jato haunted brazilians last week all thanks people crowded streets last sunday brazil overthrown dilma will paer fear congress all power emanates people"
"urgente  menos 40 senadores  contra calheiros  projeto  abuso  autoridade vitória  ruas kim kataguiri manda  real   senador requião","Urgent less than 40 senators against calheiros project abuse authority streets victory kim kataguiri manda real senator requião"
"lula é  verdadeiro canalha   ajude  mbl ","Squid is real bastard help mbl"
"ana amélia destruiu gleisi hoffmann","Ana amelia destroyed gleisi hoffmann"
"renan santos comenta  manifestações","Renan Santos comments on demonstrations"
"traidores  paraná conhece  deputados paranaense  votaram  golpe contra  lava jato  fonte faciap jovem","Traitors paraná knows deputies paranaense voted blow against lava jet source faciap young"
"durante  manifestações alguns    queridos  senadores  deputados sofreram   escracho público   ajude  mbl ","During demonstrations some dear senators have suffered public scraping help mbl"
" liga  forarenan mirim"," League forarenan mirim"
" vivo  paulista compartilhe"," Live paulista share"
" vivo diretamente  av paulista  vem pra gazeta"," Live directly av paulista comes to gazeta"
"lindo hino acapella  paulista agora","Beautiful hymn acapella paulista now"
"urgente manifestações bombando  país","Urgent demonstrations pumping country"
"porto alegre quer   renan  movimento brasil livre rs","Porto alegre wants renan movement brazil free rs"
"goiânia bombando moro guerreiro   renan  movimento brasil livre  go","Goiânia bombando moro guerreiro renan movement brazil free go"
"discurso  kim kataguiri agora  paulista  vem pra gazeta","Kim kataguiri speech now paulista comes to gazeta"
"venham pra paulista","Come to São Paulo."
"manifestação começando  paulista   campinas   paulista","Manifestation beginning paulista campinas paulista"
" mbl    paulista  altura  alameda campinas  perto  gazeta"," Mbl paulista height alameda campinas near gazeta"
"belo horizonte  assim","Beautiful horizon so"
"brasília  fim  foro privilegiado ","Brasilia end privileged forum"
"rio  janeiro bombando    paulo é  14h  metro triano masp  lado  fiesp","Rio janeiro bombando paulo is 14h metro triana masp side fiesp"
" país é "," Country is"
"manifestação  uberlândia valeu movimento brasil livre  uberlândia mg","Manifestation uberlândia valeu movement brazil free uberlândia mg"
"danilo gentili detonando    feito  congresso nacional  semana imperdível","Danilo gentili detonating made national congress unmissable week"
" comunista manuela d ávila  tentar   espertinha    desmascarada  kim kataguiri  acabou passando vergonha  cuba é  paraíso     passa  férias  nova york manu é  verdadeira socialista  iphone"," Communist manuela d avila try smarty unmasked kim kataguiri ended up passing shame cuba is paradise passes holiday new york manu is true socialist iphone"
"412  todos  frente  prédio  gazeta  avenida paulista","412 all front building gazeta avenida paulista"
"lindbergh virou pó hahahah   ajude  mbl ","Lindbergh turned into dust hahahah help mbl"
"danilo gentili deixa renan calheiros  palavras  encontro  congresso nacional renan  sido nomeado presidente  comissão  ética  senado    é  bastião  moralidade  época  danilo gentili ainda fazia parte  cqc   ajude  mbl ","Danilo gentili leaves renan calheiros words meeting national congress renan been appointed president commission ethics senate is bastion morality time danilo gentili was still part cqc help mbl"
"senador álvaro dias expõe  verdade sobre renan calheiros","Senator alvaro days exposes truth about renan calheiros"
" meio ás turbulências  congresso   desocupações  universidades seguem acontecendo  dessa vez   á universidade federal fluminense  niterói rj   meio   tempestade  alagou  cidade    levou dezenas  estudantes ás ruas  protestar contra  invasões   mobilizar  votar contra  fim  aulas  parte  militantes partidários    sabe    resultado disso tudo confira  vídeo abaixo"," Half to the turbulence congress unoccupied universities continue happening this time to university federal rio de Janeiro niterói rj half storm flooded city took dozens students ace streets protest against invasions mobilize vote against order classes party militants partisans know result of this all check out video below"
"sérgio moro deu  banho  realidade  lindbergh farias hoje  senado  expôs  fica evidente   intenção  parte  parlamentares é criminalizar  operação lava jato    ajude  mbl ","Sergio moro gave bath reality lindbergh farias today senado exposed it is evident intention part parliamentarians is criminalize operation lava jet help mbl"
"tiago pavinatto explica  maneira bem fácil  filha  exministro petista   é  pec  teto  gastos","Tiago pavinatto explains way very easy daughter exministro petista is pec expense ceiling"
"tiago pavinatto detona jean wyllys  pânico imperdível","Jean wyllys panic unmissable tiago pavinatto"
"urgente retomada  julgamento  renan calheiros  stf","Urgent resumption trial renan calfs stf"
"urgente   debate sobre lei  abuso  autoridade  senado federal  sérgio moro  gilmar mendes  ajude  mbl ","Urgent debate on law abuse authority senado federal sérgio moro gilmar mendes help mbl"
"fernando holiday discursa  evento  memória  zumbi  palmares    maiores farsas  historia","Fernando holiday discursa event memory zombie palmares greatest farces history"
"urgente entenda  crise toda explicamos tudo  tiago pavinatto","Urgent understand crisis all explain everything tiago pavinatto"
" câmara  deputados fez  história triste ontem"," Chamber deputies made history sad yesterday"
"kim kataguiri  mamaefalei  hoje   golpe  renan calheiros  derrotado porém   ainda é  presidente  senado  pode tentar dar   golpe amanhã    amanhã  etc vamos todos  ruas  dia 4  domingo   mostrar   sociedade  alerta   vai aceitar  aprovação desse projeto absurdo","Kim kataguiri mamaefalei today beat renan calheiros defeated but still is senate president can try to give blow tomorrow tomorrow etc let's all streets day 4 Sunday show society alert will accept approval of this project absurd"
"urgente golpe  lava jato","Urgent blow jet"
"ontem  acusaram  polícia  ter cometido abusos  manifestação  pacífica   brasília antes  falar sobre  atuação  polícia  vejam    mascarados  fazendo","Yesterday they accused police of having committed abuses peaceful demonstration Brasilia before talking about police action see masked doing"
"urgente deputados  senadores  manifestam contra  decisão  stf   rasgou  constituição","Urgent senators deputies demonstrate against decision stf tore constitution"
"senador wilder morais  senador sérgio petecão falam  mbl sobre proposta  acaba   imposto sindical","Senator wilder morals senator sérgio petecão talk mbl about proposal ends union tax"
"senador alvaro dias fala  mbl sobre  aprovação  projeto  acaba   fim  foro privilegiado  comissão especial sobre  assunto agora   proposta deve ser votada  dois turnos  senado federal","Senator alvaro days talk mbl about approval project ends forum privileged forum special about subject now proposal must be voted two shifts senate federal"
"debate sobre  fim  foro privilegiado  vivo","Debate about end privileged forum alive"
"mbl  faz  resumo  dia  d   agora   congresso nacional  momento  dez medidas contra  corrupção  á pec 55","Mbl summarizes day d now national congress moment ten measures against corruption á pec 55"
"debate  medidas contra corrupção   câmara  deputados","Debate measures against corruption chamber deputies"
" mamaefalei encontrou jean wyllys  congresso nacional hoje  cobrou  deputado sobre  atuação  câmara jean wyllys acha  responde apenas   eleitores  pode cuspir ops  cara  outros quase 200 milhões  brasileiros   fim   deputado  psol partiu   violência   ajude  mbl "," Mamaefalei found jean wyllys national congress today charged deputy about acting chamber jean wyllys finds responds only voters can spit ops other almost 200 million brazilians deputy end psol deparu violence help mbl"
"veja momento   extremaesquerda invade  destrói prédio  mec  brasília  relatos  funcionários agredidos","View moment extreme left invade destroy bras mec building reports employees attacked"
"filipe barros  perguntar   deputado molon   rede  criticaria  violência  extremaesquerda  deputado ficou quieto conivente","Filipe barros ask deputy molon network criticize extreme violence left the deputy stood still conniving"
"deputados petistas   asseclas  defendendo  ações  vandalismo  black blocks  brasília","Deputy petistas ministers defending actions vandalism black blocks brasilia"
"vídeo importantíssimo esquerda quer  manipular  pedir  impeachment   temer  fizeram    depredações  hoje compartilhe     sucesso","Video most important left want to manipulate ask impeachment dread made depredations today share success"
"urgente fascistas tentam invadir senado federal","Urgent fascists try to invade federal senate"
"arthur  mamãe falei é atacado  jean wyllys","Arthur mama i said jean is attacked wyllys"
"kim kataguiri desmascara  canalhice  limites  pt","Kim kataguiri unmasks canalhice limits pt"
"kim kataguiri  urgente mbl   brasília acompanhando  pressionando  votação  10 medidas hoje é  dia decisivo  faça  parte","Kim kataguiri urgent mbl brasilia accompanying pressing vote 10 measures today is decisive day be part"
"daqui  pouco começa  votação  10 medidas contra  corrupção","From here little begins voting 10 measures against corruption"
"incrível  margaret thatcher explica  tática  esquerda  assembleias  sindicatos  30 anos atrás   continua igual  mesma entrevista  pode facilmente ser dada sobre  invasões  escolas  brasil hoje    esquerda continua  mesma coisa  sempre","Incredible margaret thatcher explains tactics left assemblies unions 30 years ago continues same same interview can easily be given about invasions schools brazil today left same same thing always"
"urgente  esquerda   imprensa  tentando manipular  opinião pública nesta live importantíssima kim  renan desmascaram  esquema","Urgent left press trying to manipulate public opinion in this most important live kim renan unmask scheme"
" revolução cubana perseguiu gays  negros   fuzilava  mandava  campos  concentração alguns  tentavam fugir  mar   nada disso importa   esquerda   continua  idolatrar  monstro   fidel castro"," Cuban revolution chased black gays fuzilava sent fields concentration some tried to escape sea none of this matters left continues to idolize monstro fidel castro"
"  atentado  eua  jovem somali  passagem  paquistão feriu 9 estudantes   universidade  facadas nada disso  porém  é suficiente    maiores analistas   tv brasileira deixarem  culpar figuras   têm nada  ver   ocorrido      globo news vai colocar  culpa deste último ataque","  Attack young US Somali pass Pakistani injured 9 students university stabs none but is enough larger analysts Brazilian TV let blame figures have nothing to see occurred news globe will put blame for this latest attack"
"exemplo  líder  reagan detona  intelectuais   defendiam invasões  propriedades  universidades  eua  ocasião  3 mil pessoas invadiram  terreno   universidade reagan mandou  guarda nacional tirar  invasores  força","Example leader reagan detonates intellectuals defend invasions properties universities usa occasion 3,000 people invaded campus university reagan had national guard take invaders force"
"psol  rede  pt querem participar  ato  dia 4  limpar  imagem prócorrupção  enganar  brasileiros  boa fé   usados  ","Psol network pt want to participate act day 4 clean picture procorruption deceive brazilian good faith used"
"   impactante    herói  serra  josé  dizem   psdb é  direita 3  grandes nomes tucanos falaram bem  ditador  genocida  fidel castro   ajude  mbl ","   Shocking hero serra joseph says psdb is right 3 big names toucans spoke well genocidal dictator fidel castro help mbl"
"falta coerência  grande parte  esquerda     brasil   mundo","Lack coherence large part left brazil world"
"é assustador assustador  triste ver certas realidades brasileiras   duas cidades  interior  nordeste  ambas  menos  20 mil habitantes  extremamente pobres  têm prefeitos  salários  r 30 mil  é repugnante   brasilmarajasemmeiomiseriaprefeitostemsalariosdeate33mil20548811","It is frightening frightening sad to see certain Brazilian realities two cities interior northeast both less 20 thousand extremely poor inhabitants have prefects wages 30 thousand is disgusting brasilmarajasemmeiomiseriapreemedtemsalariosdeate33mil20548811"
"direto   praia  miami  ponto  chegada  refugiados cubanos  tiago pavinatto comemora  fim   genocida  comenta  fidel tratava  homossexuais","Direct beach miami point arrival refugees cubans tiago pavinatto celebrate end genocide comments fidel treated homosexuals"
"hoje assistimos   festival  adjetivos evasivos  descrever  tirano  acordo   globonews    presidente  fidel  apenas  homem controverso  polêmico   dividia opiniões   tais controvérsias  milhares  vítimas   tirania    bilhões  dólares  paraísos fiscais    acha disso","Today we watched festival evasive adjectives describe tyrant agreement globonews president fidel only man controversial controversial shared opinions such controversies thousands victims tyranny billion dollars tax havens think of it"
"relembre piada  reagan sobre fidel castro","Rejoice joke about fidel castro"
"adeus  fidel","Goodbye fidel"
"enquete  vai  ruas dia 4  dezembro","Poll goes streets 4 december"
" senadora ana amélia expõe  opinião sobre  pls280   projeto  lei sobre abuso  autoridade  verdade é   renan  maia   comparsas desta verdadeira quadrilha vão tentar  tudo  enterrar  vez  lavajato dia 0412 todos  ruas contra "," Senadora ana amelia exposes opinion about pls280 project law about abuse authority truth is renan maya comparsas of this true gang will try everything to bury time lavajato day 0412 all streets against"
"mbl  movimento brasil livre was live","Mbl movement brazil free was live"
"voltamos vagabundos  deixando universidade federal  paraná junto   polícia federal","We returned homeless people leaving federal university paraná together federal police"
"polícia federal faz reintegração  posse  universidade federal","Federal police makes reintegration federal university possession"
"incrível  pavinatto manda  real sobre gays terem  ser  esquerda  assista","Incredible pavinatto makes real about gays having to be left watch"
"voltamos direto  federal  paraná","We went straight back federal paraná"
"mbl desocupa universidade federal doparana","Mbl vacates federal university doparana"
"vereador eleito fernando holiday perde  paciência  manda  real sobre  anistia  caixa 2   hoje  câmara  deputados  comandada  rodrigo maia  infelizmente é   partido  protagonizou  verdadeiro vexame junto  outros partidos   pt  psdb querem passar  barbaridade sérgio moro   pronunciou contra  vergonha      vou ficar calado pouco importa  partidos   quer defender bandido   ser cobrado    é     dia 412 estaremos  ruas novamente   paulo  aqui  masp esperamos  lá","Alderman elect fernando holiday loses patience sends real about amnesty box 2 today chamber deputies commanded rodrigo mayan unfortunately is party staged true vexame together other parties en psdb want to pass barbarity sérgio moro pronounced against shame I will remain silent little matters wants to defend bandit be charged is day 412 we will be streets again paulo here but we will wait there"
" percebem   dão destaque  apartamento  geddel  deram   tríplex   disse lula   plateia  participantes  congresso  sindicato  professores  ensino oficial   paulo apeoesp   ajude  mbl "," They perceive give geddel apartment gave triples said lula audience participants congress union teachers teaching official paulo apeoesp help mbl"
"apreciação  projeto  medidas contra corrupcao","Appreciation project measures against corruption"
"  virou tradição   é  retrospectiva 2016  mbl  curta metragem surpreendente  incisivo  sobre  aventuras   grupo passou  longo  ano  melhor produção  feita  mbl","  Turned tradition is retrospective 2016 mbl short film amazing incisive about adventures group spent long year best production made mbl"
"urgente manifestação  apoio  dez medidas  forarenan","Urgent demonstration support ten measures forarenan"
"dilma   presidento   the noite   danilo gentili","Dilma presidento the evening danilo gentili"
"confira kim kataguiri  alvaro dias sobre  fim  impunidade foro privilegiado","Check out kim kataguiri alvaro days about end impunity privileged forum"
" privilégio  juízes   principalmente   desembargadores  acima  teto constitucional     esperar   soubessem disso   ilegalidadeinconstitucionalidade   privilégios      brasil   podemos dormir  ponto    atacar  povo  mama  tetas  estado   pra piorar   incapazes  trabalhar   juíz sériomoro  vendem  políticos  pois querem ser marajás    maismoromenoscorruptos"," Privilege judges mainly adjudicators above ceiling constitutional expect to know this illegality unconstitutionality privileges Brazil we can sleep point attack people breast tits state to worsen incapable to work judge sériomoro sell politicians because they want to be marajás moremoromenoscorruptos"
" ganância desse povo  ama  pobrezahumildade é linda demais  sempre metendo  mão  cumbuca   prol   coletivo  leiase partido  sóstenes cavalcante"," Greed of this people loves poverty humility is too beautiful always getting hand cumbuca pro collective leiase party sóstenes cavalcante"
"danilo gentili comenta  pedido  prisão  lula contra  juiz sérgio moro  boa palmito danilo gentili","Danilo gentili comments request prison lula against judge sérgio moro good palmito danilo gentili"
"novo desafio   encontro  fátima bernardes  policial encontra marginal  péssimas condições faz milagre  ","New challenge meeting fatima bernardes police finds marginal poor conditions makes miracle"
"mbl  movimento brasil livre added 115 new photos to the album ii congresso nacional mbl","Mbl movement brazil free added 115 new photos to the album ii national congress mbl"
"urgente deputados adiam votação  medidas  protesto  frente  congresso nacional agora","Urgent deputies defer voting measures protest national congress now"
"onyx lorenzoni  roda viva  veja  íntegra aqui watchvibziuledyi","Onyx lorenzoni roda viva see it here watchvibziuledyi"
"kim kataguiri   comissão  medidas contra  corrupção parece   deputados querem adiar  novo  votação  relatório  onyx lorenzoni   ajude  mbl ","Kim kataguiri commission measures against corruption seems deputies want to postpone new vote report onyx lorenzoni help mbl"
"vicepresidente  conselho estadual  direitos humanos luiz carlos santos é preso  20161122vicepresidentedeconselhoestadualdosdireitoshumanosepresoporenvolvimentocompcc","Luiz carlos santos is imprisoned 20161122vicepresidenteconsultinghomeadministrativerequireshumanispresentforcomponentsocompcc"
"lula dobra  aposta   forma patética tenta    contra     novamentesem  dar conta      povo   é  elite  junto   amigos políticos  empresários bandidos  roubaram  nação","Lula doubles bet pathetic way tries against again and again to give account people are elite together political friends entrepreneurs bandits robbed nation"
" novo mito tiago pavinatto detona  ideia   gays devem ser  esquerda"," New myth tiago pavinatto detonates idea gays should be left"
"unb desocupada  mbl  movimento brasil livre juntamente   distrito liberal  participaram desse movimento  desocupação comemoram  vitória junto   alunos   blogestudantecontrainvasoesdeescolaseagredidaecuspidanacaraconfiraovideodorelato estudante contra invasões  escolas é agredida  cuspida  cara  confira  vídeo  relato liberalismo  zoeira","Unb unemployed mbl movement brazil free together district liberal attended this movement unemployment celebrate victory together students bloguestudantecontrainvasoesdeescolaseagredidaecuspidanacaraconfiraovideodelorato student against invasions schools is assaulted cuspida face check out video report liberalism zoeira"
"ministra  tse  libertou garotinho pode ter relação direta  garotinho  revelam grampos","Minister tse released boy can have direct relationship boy reveal clamp"
"assim   cérebro   esquerdista  armas   objetos inanimados  jk semcholar armamento legítimadefesa liberdade  via liberalismo  zoeira","So leftist brain weapons inanimate objects jk semcholar weaponry legitimate freedom freedom via zoological liberalism"
"darcisio perondi  paulo eduardo martins  2 congresso  mbl joão doria  palco   deputados","Darcisio perondi paulo eduardo martins 2 congress mbl joão doria stage deputies"
"ministro gilmar mendes fala agora  2o congresso nacional  mbl","Minister gilmar mendes now speaks 2nd mbl national congress"
"começa  2 congresso nacional  mbl","Begins 2 mbl national congress"
"brasil é  terra  contrário  politica308065lulaprocessamoroporabusodeautoridade","Brazil is the opposite land politica308065lulaprocessamoroporabusodeauthority"
"vale  pena conferir  resposta  medonça filho   revolucionário    jovem esquerdista  hoje   conforma  ter  vice  exercendo  função    eleito  alguém avisa  jovem   caso  vacância  presidente é  vice  toma posse    lula    20161118mendoncafilhocalamilitantedeextremaesquerdapensaramqueiaminviabilizaroenemequebraramacara  pensaram  iam inviabilizar  enem  quebraram  cara","It's worth it to check the answer. He's a young man, a leftist, a young man, a young man, a young man, a young man, a young man, a young man, a young man, a young man."
"segundo  investigações  lula pode ter recebido  r 23 milhões  lulanacadeia lularecebeupropinaemdinheirovivo","According to investigations, Lula may have received 23 million lulanacadeia lularecebeupropinaemviviovivo"
"é  fuder desculpemnos  porém nao  outra palavra   sustenta  corja   ate  imposto é roubo noticiasafastadodoministeriopublicohaquatroanosdemostenesjarecebeur22milhoessemtrabalhar","It's fucking sorry, but not another word, hold up, until tax is theft, news from the government's four-year-old government."
"movimento endireita brasil was live","Movement rights brasil was live"
"melhor coisa  poderá acontecer  brasil secar  teta  cut lulanacadeia economiacomissaodosenadovotaraquartafeirafimdoimpostosindicalcompulsorio20632430","Best thing can happen brasil dry teta cut lulanacadeia economiacomissaodosenadovotarwartafeirafimdoimpostosindicalcompulsorio20632430"
"alguem ainda le  papel higienico levaram r 3 5 milhoes  disfarçados  emprestimo artigosoprecodeminocartaoucomocapitaldosoutrosemolezaserdeesquerda","Someone else has toilet paper, they took $ 3 5 million in disguise, lending money, or getting money from other left-"
"pesquisa  acredita  datafolha","Research believes datafolha"
" vida é feita  escolhas  enquanto   vão  frente valorizam  trabalha  produz  outros  criam empecilhos  criticam  passado  fazem  presente  obstáculo  futuro  endireitabrasil"," Life is made choices as they go ahead valorize works produces others create obstacles criticize past obstacle present future obstacle"
" amigo rodrigo saraiva marinho ensinando pq  lucro é moral"," Friend rodrigo hail marine teaching pq profit is moral"
"pamonha  pamponha alguem quer   republica  bananas","Pamonha pamponha someone wants to republica bananas"
"chama  batman canetadesesquerdizadoraphotosa2603505110155601073741828260346504349294338137783236832type3","Call of Duty: Modern Warfare 3"
"gregorio duvivier disse  eh socialista pois deseja  todos  iphone  broder   socialismo  turma   vender  cabelo  outras partes  corpo  conseguir comprar farinha  arroz 1753800","Evi socialist because you wish all iphone broder socialism socialism socialize selling hair other parts sell selling rice flour 1753800"
"conheça  petista  eh  novo presidente  senado  lugar  renan brasilemgramposenadorpetistafalaemenfrentarmoro","Know petista eh new president senado place renan brasilemgramposenadorpetistafalaemenfrentarmoro"
"caiu agora eh lulanacadeia ","I dropped it now, lolanacadeia"
"novecoisasqueeunaoentendosobreobrasil","I do not know what to say about Brazil"
"blogaugustonunesopiniao2jrguzzofaltacombinar","Blogaugustonunesopinion2jrguzzofaltacombinar"
"pessoal  bom dia hoje  excepcionalmente   notícias  endireita  transmitidas  tarde motivo exame","Personal good day today exceptionally news rights transmitted late motive examination"
"joicehasselmannphotosa295750387163824705282545148812873751302151783190341type3","Joicehasselmannphotosa295750387163824705282545148812873751302151783190341type3"
" eh  turma  adoraria   brasil   parecido  cuba canalhas lulanacadeia"," Eh class would love Brazil similar cuba scoundrels lulanacadeia"
"alguem  hj  brasil mandei  fotos  comentarios lulanacadeia ","Someone hj brazil sent photos comments lulanacadeia"
"vejam   olhos   terra ha  comer","See earth eyes have eaten"
" melhor   semana horrivel blogspop20161202maedaniloreporterchapecoensesportvutmsourceredesabrilvejasputmmediumfacebookutmcampaignvejasp"," Best horrible week blogspop20161202maedaniloreporterchapecoensesportvutmsourceredesabrilvejasputmmediumfacebookutmcampaignvejasp"
"movimento endireita brasil added  new photo","Movement endireita brasil added new photo"
"vejam  vejam  vejam   fica claro    dois tipos  pessoas  defendem fidel castro   regime  retardados mentais   canalhas  adorariam ter   poder  eliminar  adversários     imbecis  psicopatas  existe outra opção  artigosditaduradoscastroemcubaemaisletaldocontinentecomprovaestudo","Look, see, it's clear two types people defend fidel castro regime mentally retarded bastards would love to have power to eliminate opponents psychopaths imbeciles there is another option articlesdeclaredcastroemcubaemoreletaldocontinenteprovestudy"
"ficar lah  eh bom  naquele  paraíso    nao quer né lulanacadeia blogradaronlinelavajatolulajaavisousergiomoroquevaiparacuba","It's good to be in that paradise, you do not want to lolanacadeia blogradaronlinelavajatolulajaavisousergiomoroquevaiparacuba"
"artigosas7licoesdomcdonaldsouoquejaylenojeffbezoseoutros20milhoesdeamericanostememcomum","English, Spanish, French, German, Spanish,"
" quer jaula   brasilmaioriadostftornarenancalheirosreuporpeculato"," Do you want cage brasilmaioriadostftornarenancalheirosreporpeculato"
"vejam  belo olé artigosachtungbabyodiaemqueumprofessordehistoriaresolveufalardeumgrandelider","See beautiful olé articlesachtungbabyodiaememessorofthisfirstfirstmanager"
"bisnagão  utmcampaignbuffer","Bisnagão utmcampaignbuffer"
"artigosmcdonaldsreagepressaoporsalariominimomaiorcomautomacaoeselfservice","Articlespresspressurepreservationbycompany"
"socialismo é barbárie complementomundocrisenavenezuelautmsourceredesvejautmmediumfacebookutmcampaignredesveja","Socialism is barbaric complementomundocrisenavenezuelautmsourceredesvejautmmediumfacebookutmcampaignredesveja"
"torcida colombiana lota estádio  atlético nacional   assistir  jogo   sim  homenagear  time  chapecoense  atlético nacional merece todos  prêmios fair play forçachape forçachapecoense fuerzachapeco videos10153942581911143hcrefnewsfeed","Athletics athletics athletics athletics athletics athletics athletics athletics athletics athletics athletics athletics athletics athletics athletics athletics athletics athletics athletics"
"jean wyllys sendo jean wyllys  dando piti  sendo fascista  evitando debate  querendo apagar video  pegar camera  agredindo  outros canalhinha storyfbid1827788654122148id1635521916682157","Jean wyllys being jean wyllys giving piti being fascist avoiding debate wanting to delete video pick up camera assaulting others channelinha storyfbid1827788654122148id1635521916682157"
"storyfbid1028535273917085id122807377823217","Storyfbid1028535273917085id122807377823217"
"eletrizante perseguição   mala  imediaçoes  jabaquara  sp perdeu mano soldadomaiaoficialvideos1841879066093673hcrefnewsfeed","Electrifying persecution evil jabaquara sp lost hand soldadomaiaoficialvideos1841879066093673hcrefnewsfeed"
"leiam  saibam artigoseuumaexapaixonadaporchefuicubaeessaevisaoquetiveporla","Please read this article and your"
"socialismo  bunda  outros eh refresco nao existe hipocrisia maior  mundo   porcaria chamada socialismo mundofidelcastropodeterdeixadoherancadeus900milhoes20553996","Socialism butt others eh refreshment there is no hypocrisy greater crap world called socialism mundofidelcastropodeterixadoherancadeus900millos20553996"
"direitistabrasilvideos145553315858821","Straight to the wall145553315858821"
" movimento endireita brasil é   membros  rede liberdade artigosopapeldosliberaisnaimprensaeolancamentodaredeliberdade"," Movement rights brasil is members network freedom articlesopapelofliberalsinternationalpress"
"vejam  bisnito    colega é  daquelas  ganham acima  teto     iniciativa privada  demitida  disso  nao     gorda aposentadoria bancada   cmpidfbuolnoti m","See bisnito colleague is one of those win above ceiling private initiative fired of that not fat retirement bench cmpidfbuolnoti m"
" esquerda ta tao tonta  lavada  levou  mês atras   pedindo diretas  imaginem soh    resultado nova derrota humilhante  urnas tamo quase torcendo  diretas  "," Left ta so dumb laundered took months ago asking direct imagine soh result new defeat humiliating urns tamo almost twisting straight"
"storyfbid323424711114664id281403611983441","Storyfbid323424711114664id281403611983441"
"cuidado storyfbid1724789654507208id1579142692405239","Care storyfbid1724789654507208id1579142692405239"
"comoeracubaantesdarevolucao","How to drink water"
"psol fascínora lamentando morte   presidente    revoluçao  vitoriosa  blog20161126notadepesarfidelcastro","Psol fascínora mourning death president revolution victorious blog20161126notadepesarfidelcastro"
"vamos mirar   interessa acabar  miseria ficar indo atras  rico eh coisa  invejoso  fracassado id2007","Let's look at it, it's going to end, it's misery."
"movimento endireita brasil shared patrícia bueno s photo","Movement endireita brasil shared patrícia bueno s photo"
"mundo acorda  livre hoje vamos agora enterrar  lula lulanacadeia  artigosfinalmentemorreditadorassassinocomunistafidelcastroaos90anos","World wakes up free today let's bury squid lulanacadeiafinallymordegeneratorsassassincommunistfidelcastrooos90anos"
"bingaram  cartela","They screwed up"
"artigosnaopossomaismecalarsobrereinaldoazevedooululanaofezgovernodeesquerda","Items are smaller than the original"
"  vitoria  redes politicos tremei melhor andarem  linha lulanacadeia brasilurgentegeddelentregacartadedemissaoamicheltemer","  Vitoria political networks tremei better walk in line lulanacadeia brasilurgentegeddelentregacartadedemissaoamicheltemer"
"vamos aumentar  revolta agite  rede blogsfaustomacedochancedeanistiaaocaixa2gerarevoltanasredessociais","Let's increase revolt agite network blogsfaustomacedochancedeanistiaaocaixa2gerarevoltanasredpersonal"
"diga nao  anistiacaixa2nao mercadospoliticanoticia5858402deputadosoperamcrimeperfeitoanistiaralvoslavajatosemdeixar","Say nothing in the Polish political markets5858402depended on"
"deputados  anistiacaixa2nao  vergonha  sessão  hoje mostra   maioria  deputados  algo  esconder     pt  psdb  pmdb  dem  pscnão querem  votos nominais  10medidas contra  corrupção","Members of Parliament are not ashamed of the fact that today's meeting is holding a majority of deputies something to hide psdb pmdb dem psc do not want nominal votes 10 measures against corruption"
"lula  complica  acaba confessando  triplex eh    triplex  disse  barba cadeia lulanacadeia ","Lula complica ends up confessing triplex eh triplex said beard chain lulanacadeia"
"karl marx  comunista safado  papainoel mito","Karl marx communist rascal papainoel myth"
"lulanacadeia artigosaposdestruirindustrianavalbrasileiralularesolvefazercomicioparasetoreisoresultado","Lulanacadeiaapplicationstodestroyindustrialwebworkinternationalwelcometocontact"
"imposto é roubo ","Tax is theft"
"   violencia  ocupações   aí   movimento  extrema direita  ahahhahahahahahahaha   palhaço nessas invasões   vídeo impagável abaixo  teto  mamaefalei socialistadeiphonevideos1109468115840026","   Violence occupations there extreme right movement ahahhahahahahahahaha clown in these invasions video priceless below ceiling mamaefalei socialistadeiphonevideos1109468115840026"
"boatos   dinheirama  apareceu  mar  rj veio  cabral nao  pedro alvarez  2000000 00  cabral jogou  antes  pf dar  batida  lancha ","Rumors dinheirama appeared mar rj came cabral not pedro alvarez 2000000 00 cabral played before pf give speed boat"
"vejam   fiasco nao   50 pessoas video tá melhor  foto ninguem  quer ouvir  lula todo  brasil quer é lulanacadeia videosvideoluladiscursaparaquaseninguemnoriodejaneiro","Watch fiasco not 50 people video is better photo nobody wants to hear lula all brazil wants lulanacadeia videosvideoluladiscursaparaquaseninguemnoriporaneiro"
"artigosoinesperadoraiardosolouprevisivelsurpresadeumaimprensaaprisionadanapropriabolha","Theprotectionofprotectionofproducts."
"   globo   dar espaço   polícia","   Globe give space police"
"ninguem  acima  justiça   é tao importante colocarmos  jaula  maior bandido  brasil lulanacadeia ","No one above justice is so important we put cage bigger bandido brazil lulanacadeia"
"lulanacadeia operacaolavajatodepoimentodedelcidiotembatebocaentredefesadelulampfesergiomoro","Operation of the handset."
" kátia abreu deve ter cheirado cola   apoiar  dilma  agora  compartilhando frases  margaret thatcher   partido novo 30 alguem hackeou  conta  twitter  katiaabreustatus800819204593106949"," Kátia abreu must have smelled glue support dilma now sharing phrases margaret thatcher party new 30 someone hacked twitter twitter katiaabreustatus800819204593106949"
"postsacoberturadelucianalossio","Postsacoberturadelucianalossio"
"eis   democracia  chinesa repórter  bbc tenta entrevistar  candidata independente   é brutalmente impedido  conversar    jagunços  partido comunista  constituição chinesa garante  direito  qualquer cidadã  candidatar    visto      partidão   vai ter poucas chances","Eis Chinese Democracy reporter bbc tries to interview independent candidate is brutally barred talk jagunfos communist party constitution Chinese guarantee rights any citizen candidate visa party will have few chances"
"justiça imediata  id458080","Immediate justice id458080"
"calamidade  bolívia   sucesso  socialismo  la paz   capital  país  enfrenta forte racionamento  água após  estatização  empresa responsável   governo deixou  fazer investimentos   bem sabemos   acontece   políticos brincam  ser empresários   dinheiro  povo gastase    população fica   serviço  pouco escapamos dessa praga chamada  socialismo dfo século xxi","Calamity bolivian success socialism la paz capital country facing strong rationing government responsible government investments left making money investments politicians play playing politics people public spending society spending spain well we have escaped this plague call socialism dfo century"
"paulista agora","Paulista now"
" cara soh faz molecagem brasildiplomasuspeitopodetirarprivilegiosdegarotinho"," Dude, do not do it, dude, dude, dude, dude, dude, dude, dude, dude, dude, dude"
"leiam artigosagressaocacobarcellosdevesercondenadamasquemplantaventocolhetempestade","Read articles about the"
"lula  cabral x 13000 lulanacadeia 1510625462536589videos1803725909893208","Lula cabral x 13000 lulanacadeia 1510625462536589videos1803725909893208"
"hahaahahahhahaahaahaahahahha lulao pedindo  prisao  moro  ate 6 meses lula nao sacou ainda    acontecendo  brasil perdeu faro político prisao  cabral  garotinho mostram turma ta  saco cheio querem ver corrupto  jaula ta bem mal assessorado  barba estrategia tiro  pé lulanacadeia blogsfaustomacedolulaprocessamoroporabusodeautoridade","Hahaahahahhahaahaahaahahahha lulao asking for jails moro until 6 months lula did not take yet happening brazil lost political lighthouse cabral prisoner kids show gang full bag want to see corrupt cage ta badly advised beard strategy shot foot lulanacadeia blogsfaustomacedolulaprocessamoroporabusodeauthority"
"conhecaopassadoeasaliancasquedilmatentaesconder","Knows how many times there are"
"sera  vao raspar  barba  barba tambem lulanacadeia utmsourcefacebookutmmediumsocialutmcampaigng1","Will be shaving shave beard also lulanacadeia utmsourcefacebookutmmediumsocialutmcampaigng1"
"injeçao doída lulanacadeia","Lynanacadeia injected injection"
"ta esquentando lulanacadeia operacaolavajatomoroquerlulaemcuritibanasemanaquevem","Is heating up the operation of the"
"oriodejaneirofaliueobrasiltemmuitoaprendercomessahistoria","Of the Brazilian government."
"invadir  parlamento  depredar patrimônio publico é  crime   deve ser tolerado sob qualquer pretexto   movimento endireita brasil repudia veementemente  atitude  grupos extremistas  qualquer espécie endireitar  brasil  fará   liberdade   probidade   seriedade  menos impostos jamais  violência   intervenção militar é  bandeira lunática   pessoas desinformadas sobre  importante função  forças armadas   devem ser prestigiadas   missão constitucional  garantir  ordem   soberania  jamais restringir  liberdade   certo  senador ronaldo caiado  baderneiros  ontem invadiram  câmara devem ir  cadeia  junto   líderes  mst    buscaram  inspiração    estado  direito  pode  tolerar  banalidade  abusos  direito  manifestação borracha neles","Invade parliament depredar public patrimony is a crime must be tolerated under any pretext movement rights brasil vehemently repudiates attitude groups extremists any kind straighten brazil will do freedom probity seriousness less taxes never violence military intervention is whimsical banner people uninformed about important function armed forces must be prestige constitutional mission Guarantee order sovereignty never restrict freedom certain senator ronaldo whitewashed badgers yesterday were invaded chamber must go together chain leaders mst sought inspiration state law can tolerate banality abuse rights demonstration rubber on them"
"lula deve estar  coçando lulanacadeia  3fversao3dampclientsafari","Squid should be scratching lulanacadeia 3fversao3dampclientsafari"
" assim nao prende  lula bola   temer lulanacadeia artigosfaladetemersobrepossivelprisaodelulagerarinstabilidademostracomoestamoslongedeumarepublicaverdadeira"," So do not arrest lula ball fear lulanacadeia articlesfaladetemersobrepossivelprisaodelulagersatisfiability shows like we are in a real state"
"verdade  dita endireitabrasil","Truth told, right?"
"lulanacadeia watchv1w77lmc76qk","Lulanacadeia watchv1w77lmc76qk"
" data  hoje deve ser lembrada    antissemitismo  noite  cristais     política desarmamentista nazista   traço  qualquer bom governo totalitário  fim  desarmamento bandidos  tiranos  intolerantes devem temer  cidadão   artigos09denovembrode1938noiteconvenientementeesquecidapelamidiamundial"," Date today must be remembered anti-Semitism night crystals disarmament policy Nazi trait any good totalitarian government end disarmament bandits intolerant tyrants must fear citizen Articles09denovember1938nightconvenientlysecondheworld"
"acordo  leniência   ministério público ricardo ferraço explica    câmara mudou","Agreement lenience public ministry ricardo fence explains camera changed"
"michelpresidentovideos349837175385558hcrefnewsfeed","Michelpresidentovideos349837175385558hcrefnewsfeed"
"endireitabrasil","Straight forward"
"pois é","Yeah"
"artigosrecusadeatoresparafilmesobrelavajatomostracomoaindaedificilsairdoarmarionessemeio","For the"
" equivocada  atitude  uber  parabéns  heroico cidadão   defendeu  vagabundos  utmsourcefacebookutmmediumsharebardesktoputmcampaignsharebar"," Wrong uber attitude congratulations heroic citizen defended homeless utmsourcefacebookutmmediumsharebardesktoputmcampaignsharebar"
" transmissão  hoje  direto  brasília  onde acompanharemos  reforma política"," Transmission today direct brasília where we will accompany political reform"
"mblivrevideos462397060551109hcrefnewsfeed","Mblivrevideos462397060551109hcrefnewsfeed"
"   gleisi hoffmann vai  cana politicagleisihoffmannacoxarecebeupropinatambemdaodebrecht","   Gleisi hoffmann vai cana politicagleisihoffmannacoxarecebeupropinatambemdaodebrecht"
"armas  vida   284noticias8179602grupofazatoemportoalegrepeloportedearmasedireitodedefesa","Guns, life 284news"
"leiam  entendam  aextremaesquerdadominaaartedocontroledeframemashaumaboanoticiaparanos","Read the extreme understanding of the role of controlling"
" querem estudar"," Want to study"
"estudante  unb expõe  fascismo  invasores","Student unb exposes fascism invaders"
"onde   ministério público   esquerda acorrenta  mentes   foge  cabresto é vitimado  sórdido racismo","Where public prosecution left chains minds flee halter is victimized sordid racism"
" esquerda adora  pobres    esquerda"," Left loves poor left"
"exdeputado petista participa  invasão   amauri teixeira  exdeputado federal  pt  bahia   juntou  milicianos  invadiram  campus iv  universidade  estado  bahia  cidade  jacobina diferentemente   é divulgado   invasão  cunho político partidário  fica evidente  vermos  imagens postados  própria página  político  facebook   fotos vemos faixas  união  juventude socialista ujs  une ambos  claramente aliados  partido  trabalhadores pt outra imagem curiosa postada  petista é    joga ludo  ranzinza  outras pessoas  pátio  universidade pública     invés  local  estudo   universidade  tornou  espaço  lazer  políticos vale lembrar   nesse  campus   retirada   autorização  própria uneb  faixa  apoio  operação lava jato porém  forma estranha  permaneceu intacta  faixa   sdizeres   temer ","Ex-putative participates amauri teixeira exdeputado federal en bahia joined militiamen invaded campus iv university state bahia city jacobina differently it is disclosed invasion imprint political party is obvious see pictures posted own political page facebook facebook we see bands union socialist ujs joins both clearly allies party workers pt Another curious image posted petista is play ludo ranzinza other people patio public university instead campus study university made space leisure politicians worth remember in this campus withdrawal authorization proper uneb band support operation lava jet but strange form remained intact track sdizeres fear"
"brasil   país  impostos","Brazil country taxes"
"cpi  une  relatoria  pc  b","Cpi joins the rapporteur pc b"
"cpi  une protocolo agora vai","Cpi joins protocol now goes"
"hoje   fórum  barra funda","Today Forum"
"rogerio chequer   vivo agora respondendo perguntas   seguidores","Rogerio checker alive now answering followers questions"
" contando quantas vezes lula   denunciado hoje   lava jato   corrupção  lavagem  dinheiro"," Counting how many times lula denounced today lava jet corruption money laundering"
"cadê  decoro  senhor presidente  senado  renan é réu    11 processos  costas  continua  cantando  galo   ","Where is Senor President Senado Renan?"
"vídeo  rogerio chequer","Video rogerio checker"
"olhem   renan quer fazer  telefonem  mandem mensagens   senadores   podemos deixar   aprove  lei  abuso  autoridade","Look renan wants to make phone send messages senators we can let go approve law abuse authority"
"renan calheiros tentará novamente aprovar  pls 280   famigerada lei  abuso  autoridade vamos entrar  contato   senadores  dizer   seguem dados  líderes  senado  senador eunício oliveira  pmdbce  telefones 61 33036245  6246 email euniciooliveirasenadorlegbr facebook aloysionunes","Renan calheiros will try again to approve pls 280 law enforcement abuse abuse authority we will go contact senators say follow senate senator eunice olive tree pmdbce phones 61 33036245 6246 email euniciooliveirasenadorlegbr facebook aloysionunes"
"  vem pra rua   importa  é  denunciado  delatado todos têm  pagar   fizeram  democracia sempre  justiça ","  Come to the street it is denounced denounced everyone has paid made democracy always justice"
" stf  poder  suspender  mandato  renan   mesma forma  fez  cunha renan  pode afrontar dessa forma  judiciário   stf"," Stf power suspend renan mandate same form made renan wedge can face this way legal stf"
"antagonista noticiou renan caiu","Antagonist reported renan fell"
"vem pra rua brasil added  new photo","Come to brasil street added new photo"
"imperatriz  maranhão  parabéns","Empress Maranhão Congratulations"
"créditos  foto lucas takaoka lucastakaoka","Photo credits lucas takaoka lucastakaoka"
"vem pra rua brasil updated their profile picture","Come to rua brasil updated their profile picture"
"vem pra rua brasil was live","Come to Brazil street was live"
"apoio  10 medidas contra  corrupção","Support 10 measures against corruption"
"avenida paulista agora","Paulista Avenue now"
"vem pra paulista gente","Come to São Paulo people"
" vivo  av paulista"," I live av São Paulo"
"globo news mostrando recife  vivo agora  povo   ruas   país livre  políticos corruptos   apoio  lava jato  vem pra rua brasil","Globe news showing live reef now people streets country free politicians corrupt support lava jet comes to street brazil"
"belo horizonte  vivo  globo news  povo   ruas pedindo  lava jato","Beautiful horizon live globe news people streets asking for lava jet"
" país é  é verde  amarelo  rio  janeiro agora  manifestação lotada"," Country is green yellow rio janeiro now crowded manifestation"
" josé  rio preto fez  linda manifestação"," José rio negro made beautiful manifestation"
"manifestação  rio  janeiro é tema  matéria  globo news  clique abaixo  assistir","Rio janeiro manifestation is subject matter globe news click below watch"
" jundiaí  caminhão  vem pra rua   indo pra avenida 9  julho   bolsão  vem pra rua  gente"," Jundiaí truck comes to the street going to the avenue 9 julio pocket comes to the street people"
"use  imagem  foto  perfil  redes sociais  ajude  divulgar  manifestação  4  dezembro confirme  presença  convide events1518432981506123","Use image photo profile social networks help publicize demonstration 4 December confirm attendance invite events1518432981506123"
"use  imagem  foto   perfil  mostre  todos   amigos  dia 4  dezembro  vai pra rua  confirme  presença  convide  amigos events1518432981506123","Use image profile photo show all friends day December 4 goes to the street confirm presence invite friends events1518432981506123"
"rosamaria murtinho  mauro mendonça convidam todos  rua amanhã  apoio  lava jato   sérgio moro confirme  presença  convide  amigos  events1518432981506123","Rosamaria murtinho mauro mendonça invite all street tomorrow support lava jet sérgio moro confirm presence invite friends events1518432981506123"
"malvino salvador dá  recado  dono  brasil é  povo brasileiro vem pra rua  domingo confirme  presença  convide  amigos  events1518432981506123","Malvino salvador gives message owner brazil is brazilian people come to street domingo confirm presence invite friends events1518432981506123"
"lucinha lins convida todos  políticos  insistem   reconhecer  soberania  povo  ligar  televisão  domingo  assistir  povo  ruas  vamos pra rua confirme  presença  chame  amigos events1518432981506123","Lucinha lins invites all politicians insist recognize sovereignty people connect television Sunday watch people streets we go to the street confirm presence call friends events1518432981506123"
"josé horácio rezende ribeiro  presidente  instituto  advogados   paulo explica     ir pra rua  domingo  dia 412 confirme  presença  convide  amigos events1518432981506123","José horacio rezende ribeiro president instituto lawyers paulo explains going to the street sunday day 412 confirm presence invite friends events1518432981506123"
"vem pra rua  dia 4  dezembro   paulo  estaremos  av paulista   frente  masp   partir  14h events1518432981506123 confirme  presença  convide  amigos","Come to the street day 4 december paulo we will be av paulista front masp from 14h events1518432981506123 confirm presence invite friends"
"importante  próxima terçafeira  dia 612  renan calheiros tentará votar   projeto  abuso  autoridade    quer permitir   lava jato  destruída  vem pra rua dia 4  dezembro","Important next Tuesday 612 renan calheiros will try to vote project abuse authority wants to allow lava destroyed jet comes to street day December 4"
"dia 4  dezembro  vem pra rua events1518432981506123","December 4 comes to the street events1518432981506123"
"precisamos mostrar  ruas   domingo 412    queremos   forma corrupta  fazer política  senhor renan calheiros  outros tantos  ainda  entenderam   povo  vai  aceitar  confirme  presença  convide  amigos events1518432981506123","We need to show the streets Sunday 412 we want to do corrupt way sir politics renan calan so many others understood people will accept confirm presence invite friends events1518432981506123"
"convocação nacional vem pra rua  dia 4  dezembro events1518432981506123 confirme  presença  convide  amigos","National call comes to the street day 4 december events1518432981506123 confirm presence invite friends"
"  205 cidades confirmadas  4  dezembro    cidade    lista   favor  acesse ","  205 cities confirmed 4 December city list"
"sempre é bom lembrar  lava jato funciona   bem vamos pra rua  domingo  turma","It's always good to remember, lava works fine, let's go to Sunday street gang."
"nunca é demais lembrar neste domingo  412  todos  rua","It's never too much to remember on this Sunday 412 everyone"
"teori  faça     ser feito  abra  inquérito  renan calheiros chega  protegêlo   processo é  2007   hoje nada aconteceu estaremos acompanhando hoje  sessão  stf   povo quer justiça   farto desse foro privilegiado","The theory will be done open inquiry renan calheiros arrives protect it process is 2007 today nothing happened we will be following today session stf people want justice fed up of this privileged forum"
"vejam  lista  senadores  votaram  renan  pedir urgência  votar  10 medidas  senado ainda hoje   sequer terem lido  projeto   perderam  14  44 derrota  renan  derrota desses 14 senadores","See list senators voted renan request urgency vote 10 senate measures still today have even read project lost 14 44 defeat renan defeat of these 14 senators"
"rogerio chequer  respondendo perguntas  vivo sobre  congresso   10 medidas    manifestação  4 dez       quiser  infelizmente  conseguimos responder todas  perguntas      nomes  parlamentares  protegeram    destruiram  10 medidas pretendemos fazer outra live nesta quintafeira  dia 4  dezembro  vem pra rua events1518432981506123 confirme  presença  convide  amigos","Rogerio checker answering questions live about congress 10 measures manifestation 4 ten you want unfortunately we have been able to answer all questions parliamentary names have protected destroyed 10 measures we intend to make another live on this Thursday 4 december comes to the street events1518432981506123 confirm presence invite friends"
"renan acaba  ser derrotado   requerimento  pedido  urgência  votar hoje  10 medidas  rejeitado  maioria  44 senadores agora  projeto vai ser discutido  comissão  dia 4  dezembro  vem pra rua events1518432981506123 confirme  presença  convide  amigos","Renan ends up being defeated request urgency urgency vote today 10 measures rejected majority 44 senators now project will be discussed committee day 4 december comes to street events1518432981506123 confirm presence invite friends"
"renan  desesperado  colocar  projeto 10 medidas  votar hoje  senado  deve ser porque amanhã  stf julga processo    é réu  dia 4  dezembro  vem pra rua events1518432981506123 confirme  presença  convide  amigos","Renan desperate put project 10 measures vote today senate must be because tomorrow stf judges process is defend day 4 december comes to street events1518432981506123 confirm presence invite friends"
"  ainda  entendeu   aconteceu nesta madrugada","  Still understood happened this morning"
"  112 cidades confirmadas  4  dezembro    cidade    lista   favor  acesse ","  112 cities confirmed 4 December city list please access"
"ontem   bando  vândalos depredou  patrimônio público  privado  brasília   próximo domingo  faremos  sempre fizemos iremos   ruas  milhares     75 cidades  todo  brasil   muitos  indignados contra  corrupção  defendendo   país   operação lava jato  sempre  maneira ordeira  civilizada","Yesterday bunch vandals deprived public public heritage brasília next sunday we will always did we will go streets thousands 75 cities all brazil many indignados against corruption defending country operation lava jet always way civilized order"
" câmara  deputados começa  votar  projeto  10 medidas contra  corrupção agora"," Camera deputies start voting project 10 measures against corruption now"
"rogerio chequer faz importante alerta  pergunta  sendo feitos  palhaços  clique abaixo  assistir  vídeo   gostarem  espalhem  compartilhem","Rogerio checker makes important alert question being made clowns click below watch video like spread spread"
"toda atenção     votação  hoje   votação secreta ganhar  vamos ter  ser   contundentes   políticos porque   sinal    entenderam nada    acontecendo  ruas  país","All attention vote today secret vote win let's have be blunt politicians because sign understood nothing happening streets country"
"  algumas   invenções   deputados pra tentarem  safar  lava jato  vai adiantar   povo   olho  ","  Some inventions deputies to try to save lava jet will advance people eye"
"confirme  presença  convide  amigos events1518432981506123","Confirm presence invite friends events1518432981506123"
"amanhã  dia 29   puder    brasília  frente  congresso nacional  exigir  aprovação  pl 4850  10 medidas contra  corrupção     pode ir  ajude pressionando  parlamentares  mapa  10 medidas www10medidasvempraruanet  compartilhe  vídeo","Tomorrow 29 may brazil front congress national require approval pl 4850 10 measures against corruption can go help press parliamentary map 10 measures www10medidasvempraruanet share video"
"vem pra rua  dia 4  dezembro  lava jato  contra  jeito corrupto  fazer política  confirme  presença  convide  amigos events1518432981506123","Come on the street day december 4, lava, against, corrupt, make, politics, confirm, presence, invite, friends, events1518432981506123"
" vem pra rua minas   outros movimentos  frente  casa  senador aécio neves  protestar contra  tentativa nefasta  congresso nacional  adicionar  emenda  anistia  projeto  10 medidas contra  corrupção   povo brasileiro mudou   tempo  passividade acabou acostumemse  excelências  vem pra rua  mudando  brasil  confirme  presença  convide  amigos events1518432981506123"," Come to the streets mine other movements front home senator aero snows protest against nefarious attempt national congress add amendment amnesty project 10 measures against corruption people brazilian changed time passivity has just become accustomed excellence comes to street changing brazil confirm presence invite friends events1518432981506123"
"  paulo  estaremos  av paulista   frente  masp   partir  14h vem pra rua  dia 4  dezembro events1518432981506123 confirme  presença  convide  amigos","  Paulo we will be av paulista front masp from 14h come to the street day 4 december events1518432981506123 confirm presence invite friends"
" coletiva   acontecendo agora  renan calheiros  garante  anistia  caixa 2  entra  pauta"," Collective happening now renan calheiros guarantees amnesty box 2 enters tariff"
"rodrigo maia   coletiva  garante  anistia  crimes  entra  pauta  câmara  estaremos atentos","Rodrigo maya collective assures amnesty crimes enters chamber chamber we will be attentive"
"michel temer garante  anistia  crimes  entrará  pauta  congresso  vivo agora  coletiva  imprensa  lado  renan  maia","Michel fears guarantee amnesty crimes congress will now live press conference renan maya"
"grupo  vem pra rua  neste momento  frente  prédio  rodrigo maia   pressionálo anistia  caixa 2  anistia  crimes eleitorais    próximo domingo  412  todos  rua","Group comes to the street at the moment front building rodrigo mayan pression ammunition box 2 amnesty electoral crimes next sunday 412 all street"
"rogerio chequer comenta sobre  critérios   posicionamento  parlamentares  mapa  10 medidas contra  corrupção acesse www10medidasvempraruanet  cobrar  parlamentares  aprovação deste projeto","Rogerio chequer comments on criteria parliamentary positioning map 10 measures against corruption access www10medidasvempraruanet charge parliamentary approval of this project"
"victor fasano alerta  limpeza ainda  terminou vamos pra rua  dia 412","Victor fasano alert cleaning is still over let's go to street day 412"
" ator victor fasano comenta sobre  nefasta tentativa  anistiar  corrupção  convoca  brasileiros  virem   ruas  dia 4  dezembro  conforme  presença  convide  amigos events1518432981506123"," Actor victor fasano commented on evil attempt to invade brazilians come on streets day 4 december according to invite invite friends events1518432981506123"
"vem pra rua brasil updated their cover photo","Come to Brazil street updated their cover photo"
"vem pra rua  dia 4  dezembro  lava jato  contra  jeito corrupto  fazer política events1518432981506123 confirme  presença  convide  amigos","Come to the streets day 4 december lava jet against corrupt way do politics events1518432981506123 confirm presence invite friends"
" lava jato  contra  jeito corrupto  fazer política vem pra rua  dia 4  dezembro events1518432981506123 confirme  presença  convide  amigos"," Lava jet against corrupt way do politics comes to street day december events1518432981506123 confirm presence invite friends"
"rogerio chequer mostra     ir pras ruas  dia 412 mostrar  parlamentares   aceitaremos   defendam leis  projetos  favor  corrupção    atenção presidentes maia  renan  povo  bem ligado  cansado  jogadas  escuras ajam  decência  dia 4  dezembro  vem pra rua events1518432981506123 convide  amigos","Rogerio checker shows go to the streets day 412 show parliamentarians we will accept defend laws projects favor corruption attention presidents mayan renan people well connected tired plays dark act decency day december 4 comes to the street events1518432981506123 invite friends"
" assim  corruptos vão caindo      lembram   banner  dominó   brasil  mudou   vê   quer  dia 4  dezembro  vem pra rua events1518432981506123 convide  amigos"," So corrupt are going to fall remember banner dominó brazil changed see day 4 december comes to street events1518432981506123 invite friends"
"jorge pontes chama  povo   ruas  dia 412  contra  congresso nacional   adianta nada ficar  casa reclamando dia 4  dezembro  vem pra rua confirme  presença  convide  amigos events1518432981506123","Jorge bridges street people day 412 against national congress nothing resting home complaining day 4 december comes to the street confirm presence invite friends events1518432981506123"
"vejam abaixo  artigo pronto  anistiar políticos corruptos  indignado vem pra rua  dia 412 vamos protestar contra    fazendo   país","See below article ready ammunition corrupt politicians outraged comes to street day 412 we will protest against doing country"
"miriam leitão resume    acontecendo  brasil neste momento assista   dia 4  dezembro  vem pra rua events1518432981506123","Miriam leitão sums up happening brazil right now watch day 4 december comes to street events1518432981506123"
"alerta máximo renan calheiros aprova urgência  votar  lei  abuso  autoridade","Alert maximum renan calheiros approve urgency vote law abuse authority"
" atriz maria fernanda cândido   favor  projeto 10 medidas contra  corrupção"," Actress maria fernanda candid favor project 10 measures against corruption"
"vamos todos trabalhar hoje  mapa  10 medidas escreva  mande email  telefone www10medidasvempraruanet","Let's all work today map 10 measurements write send email phone www10medidasvempraruanet"
"fagner convoca todo mundo  apoiar  projeto 10 medidas contra  corrupção    votado amanhã pressione  escreva   deputados  telefone use  mapa www10medidasvempraruanet","Fagner summons everybody support project 10 measures against corruption voted tomorrow press write deputies phone use map www10medidasvempraruanet"
"vítor fasano pergunta   fez   parte  projeto 10 medidas contra  corrupção  amanhã é  votação pressione  deputado  ligue  mande email use  mapa   www10medidasvempraruanet","Cheer fasano asked part project 10 measures against corruption tomorrow is vote press deputy call send email use map www10medidasvempraruanet"
"joinville  saiu  ruas  apoio  lava jato   10 medidas contra  corrupção","Joinville left streets support lava jet 10 measures against corruption"
" povo  pra rua  curitiba apoiar  10 medidas contra  corrupção clique abaixo pra ver  vídeo"," People to street curitiba support 10 measures against corruption click below to see video"
"rogério chequer fala  paulista agora","Rogerio checker talks to paulista now"
" paulo começando  ato  10 medidas   lava jato vem pra rua"," Paulo beginning act 10 measures lava jet comes to the street"
"belo horizonte fez  bela ação  apoio  10 medidas contra  corrupção   lava jato","Beautiful horizon made beautiful action support 10 measures against corruption lava jet"
"rio  janeiro  mobiliza  10 medidas contra  corrupção  contra  foro privilegiado","Rio janeiro mobilizes 10 measures against corruption against privileged forum"
"rio  janeiro   indo pra rua vamos lá  gente  apoiar  lava jato   10 medidas","Rio janeiro going to the street go there people support lava jet 10 measures"
"vem pra rua hoje 2011 events251407371929365","Come on the street today 2011 events251407371929365"
"lista  cidades  2011  vem pra rua  compartilhar  post é dever cívico","List cities 2011 comes to street share post is civic duty"
"jorge pontual chama  cariocas  irem pra rua neste domingo  dia 20   10h   posto 5   apoio  10 medidas contra  corrupção   operação lava jato vamos pra rua gente   paulo   paulista   frente  masp   15h","Jorge puntual calls cariocas to go to the street this Sunday day 20 10h post 5 support 10 measures against corruption operation lava jet we go to street people paulo paulista front masp 15h"
"absurdo lula processa sergio moro  pede   prisão  vai deixar moro sozinho  vai pra rua  confirme  presença  convide  amigos events251407371929365","Absoldo lula sue sergio moro asks prison will leave moro alone goes to street confirm presence invite friends events251407371929365"
"inacreditável é  fim  tempos  lula pediu  prisão  moro  ação penal  assistam  vídeo sobre  pl 280  seguida  leiam  matéria  estadão  events251407371929365","Unbelievable it's end times lula asked for prison moro criminal action watch video about pl 280 followed read matter statistics events251407371929365"
"rogerio  chequer fala sobre  momento crucial   vivendo  convida  todos   ato  apoio  lava jato   projeto 10 medidas contra  corrupção neste domingo  dia 2011   algumas cidades   convide  amigos events251407371929365","Rogerio checker talks about crucial moment living invites everyone act support lava jet project 10 measures against corruption this sunday day 2011 some cities invite friends events251407371929365"
"sérgio cabral  exgovernador  rio  janeiro   preso  polícia federal  operação calicute  braço  lava jato  rj","Sergio Cabral exgovernador rio janeiro arrested federal police operation calicute arm lava jet rj"
"acessem www10medidasvempraruanet  vamos pressionar  deputados   aceite relatórios pirata  10 medidas contra  corrupção exija  deputados  aprovação  relatório  onyx    medidas 17  18  perseguem juízes  procuradores  promotores","Access www10medidasvempraruanet we will press deputies accepted reports pirate 10 measures against corruption demand deputies approval report onyx measures 17 18 prosecutors prosecutors prosecutors"
"rogerio chequer faz  alerta importante    manobra  curso  congresso contra  votação  relatório  10 medidas contra  corrupção   onyx lorenzoni precisamos  ajuda  pressão  todos  mapa  10 medidas 10medidasvempraruanet","Rogerio checker makes important alert maneuver course congress against vote report 10 measures against corruption onyx lorenzoni need help pressure all map 10 measures 10medidasvempraruanet"
" movimentação  congresso contra  votação  projeto  10 medidas   traremos  nomes  parlamentares   tramando"," Congressional action against voting project 10 measures we will bring parliamentary names plotting"
" relator onyx lorenzoni fechou  redação  projeto  10 medidas contra  corrupção   acabou maior   começou agora é  hora  plenário decidir  aprovação    estaremos acompanhando todos  movimentos  congresso    quiser pressionar  parlamentares   mapa  10 medidas traz todos  contatos  10medidasvempraruanet   assistir  matéria  jornal  10 é  clicar  link abaixo"," Rapporteur onyx lorenzoni closed drafting project 10 measures against corruption ended major started now it's time plenary decide approval we will be accompanying all movements congress press parliamentary map 10 measures brings all contacts 10medidasvempraruanet watch matter newspaper 10 is click link below"
"rogerio chequer comenta sobre  importantes mudanças  relatório  projeto  lei  10 medidas contra  corrupção","Rogerio checker comments on important changes report project law 10 measures against corruption"
" deputado silas câmara  gosta  câmeras   quer   povo possa acompanhar  tv  julgamentos  stf   medo  quê  deputado  telefones 61 32155532 email depsilascamaracamaralegbr facebook depsilascamara"," Deputy silas camera cameras likes people can monitor tv stf fear judgments phones 61 32155532 email depsilascamaracamaralegbr facebook depsilascamara"
" lula    nenhum argumento minimamente razoável  explicar  quantidade absurda  crimes  cometeu  últimos anos  agora deu  culpar  diabo ontem falou   pacto diabólico   ora  lula  todas  instituições brasileiras  erradas    certo conta outra  vá  exorcista   sabe  ajuda"," Lula no argument minimally reasonable explain quantity absurd crimes committed last years now gave blame devil yesterday spoke pact diabolical ora lula all brazilian institutions wrong certain account go exorcist knows help"
"parem  tentar constranger  intimidar  combate  corrupção   pl 280  seguem dados  líderes  senado  senador eunício oliveira  pmdbce  telefones 61 33036245  6246 email euniciooliveirasenadorlegbr facebook aloysionunes","Pl attempt to embarrass intimidation combat corruption pl 280 follow data leaders senate senator eunice olive tree pmdbce phones 61 33036245 6246 email euniciooliveirasenadorlegbr facebook aloysionunes"
"rogerio chequer alerta sobre  plano   sendo executado  brasília  destruir  lava jato","Rogerio checkered alert on plane being executed brasília destroy lava jet"
"  ficar  olho  congresso nacional   tenta    vez  votar lei  anistia crimes  caixa 2   podemos bobear   minuto assista  matéria  entender","  Stay eye national congress try instead vote law amnesty crimes box 2 we can bobear minute watch matter understand"
"vamos lá  supremo   lei   valer  todos igualmente","Let's go there supreme law to be worth every"
" vem pra rua pergunta    falta"," Come to the street, ask me a question"
"nobres  parlamentares  parte    queremos anistia  políticos corruptos    entenderam","Nobles parliamentary part we want amnesty corrupt politicians understood"
"é  grande  amarga ironia   questão  criminalização  caixa 2    lei  aprovada agora   necessariamente diz    veio antes   crime  portanto anistiando tudo  aconteceu  aqui   sendo  enfiada  dentro  projeto 10 medidas contra  corrupção","Is big bitter irony issue criminalization box 2 law passed now necessarily says came before crime so amizing everything happened here being threaded inside project 10 measures against corruption"
"é inacreditável    discutindo  tipificarão  crime  caixa 2  dinheiro ilegal  entra  campanhas políticas  dentro  projeto 10 medidas contra  corrupção   aceitaremos anistia  crime  caixa 2  disse  deputado miro teixeira   crime  anistiar  caixa 2 é  grave ainda    próprio caixa 2","It is unbelievable arguing will typify crime box 2 illegal money enters political campaigns inside project 10 measures against corruption we will accept amnesty crime box 2 said deputy miro teixeira crime amnestie box 2 is serious still own box 2"
"nesta próxima semana  discussão sobre aumento  fundo partidário voltará  cena vamos dizer  centenas  vezes   quantas  necessárias","This next week discussion about raising partisan fund will return scene let's say hundreds times how many necessary"
" sobrou   alckmim  segundo  antagonista     delatado  odebrecht"," Left over alckmim second opponent denounced odebrecht"
"  renan     supremo vamos lá  coragem  fazer     ser feito   queremos  corrupto  presidência  senado","  Renan supreme let's go there courage we want to be done we want corrupt presidency senate"
" é contra  contribuição sindical obrigatória então   site  senado  vote  consulta popular precisamos mostrar  senadores   mamata   acabar"," Is against compulsory union contribution then site senate vote popular consultation we need to show senators mamata finish"
"rogerio chequer faz  alerta sobre  absurdos projetos  leis   sendo propostos  congresso nacional    consiste  criação   fundo partidário  3 bilhões  reais   distribuído anualmente   partidos gastarem  eleições  é  verdadeiro escárnio   dinheiro  contribuinte   autor deste projeto  lei é  deputado marcus pestana   psdb  cujos dados  contato seguem abaixo          acordo  pagar bilhões  partidos políticos fazerem campanhas    contato    diga   telefones 61 32155715 email depmarcuspestanacamaralegbr facebook ","Rogerio checker makes alerts about absurd projects laws being proposed national congress consists creation fund party 3 billion real distributed annually parties spend elections is real scorn money taxpayer author of this bill is deputy marcus pestana psdb whose data contact follow agreement under pay billions political parties make campaigns Contact tell phones 61 32155715 email depmarcuspestanacamaralegbr facebook"
" jornalista joice hasselmann  sendo processada  lula   primeira audiência  hoje  dia 2610   13h30   fórum criminal  barra funda    paulo vamos apoiála"," Journalist joice hasselmann being processed lula first hearing today day 2610 13h30 criminal forum barra funda paulo let's support it"
"deputado marcus pestana    bastam  r 819 milhões  fundo partidário agora  quer   povo pague r 12 bilhões  políticos gastarem  eleições  cada quatro anos  ligue  escreva   deputado  diga    acha deste projeto  lei    telefones 61 32155715 email depmarcuspestanacamaralegbr facebook ","Deputy marcus pestana bastamount 819 million fund party now wants people pay 12 billion politicians spend elections every four years call deputy say this project law phones 61 32155715 email depmarcuspestanacamaralegbr facebook"
"rogerio chequer alerta sobre projetos  leis absurdos   sendo propostos  congresso nacional   destes projetos consiste  criação   fundo  3 bilhões  reais   distribuído todo ano   partidos gastem  eleições  escárnio   dinheiro  contribuinte   autor  projeto  lei é  deputado marcus pestana  cujos dados  contato seguem abaixo  telefones 61 32155715 email depmarcuspestanacamaralegbr facebook ","Rogerio checker about projects absurd laws being proposed national congress of these projects consists creation fund 3 billion real distributed every year parties gastem elections scorn money taxpayer author project law is deputy marcus pestana whose data contact follow below phones 61 32155715 email depmarcuspestanacamaralegbr facebook"
"renan chama juiz   juizeco   ministro  justiça   chefete   realmente renan     melhores dias   acuado   simplesmente atropelou  decoro parlamentar    renan","Renan calls judge judge justice chieftain really renan best days pinned simply run over parliamentary decorum renan"
